,State,Angle,Range_0,Range_1,New_Range_0,New_Range_1
0,Flexion,170,-1.796539698,-1.342017142,-2.001806253,-0.722401688
1,Flexion,167,-3.120823407,-2.562328258,-3.326089962,-2.562328258
2,Flexion,166,-3.155707855,-1.433905105,-3.155707855,-0.791989171
3,Flexion,164,-3.163859755,-3.075421278,-3.303730464,-2.423333808
4,Flexion,163,-2.849992017,-1.523802924,-3.536879009,-0.897750925
5,Flexion,160,-3.711442686,-1.666631224,-3.711442686,-1.064059136
6,Flexion,157,-3.744540387,-1.250802451,-3.744540387,-0.690133194
7,Flexion,156,-4.559048407,-2.231173073,-4.764314962,-1.656270152
8,Flexion,154,-2.890561153,-2.6875957,-3.60259166,-2.195798363
9,Flexion,153,-3.565562308,-1.926325217,-3.847502218,-1.312636464
10,Flexion,151,-4.107132593,-3.213438086,-4.519390104,-2.561350616
11,Flexion,150,-4.411409604,-2.039710607,-4.432376825,-1.41487119
12,Flexion,147,-3.536411684,-2.154965031,-4.04701618,-1.521135684
13,Flexion,146,-3.322052684,-2.736727434,-3.744489721,-2.736727434
14,Flexion,144,-3.011139137,-1.702940941,-3.731998543,-0.910753564
15,Flexion,143,-3.572337992,-2.409021909,-4.297464489,-1.797980634
16,Flexion,141,-3.969711666,-2.539599711,-4.362399032,-1.838626373
17,Flexion,140,-4.152481359,-2.397111889,-4.435296,-1.754102149
18,Flexion,138,-3.926346358,-1.881594353,-4.582412574,-1.229506883
19,Flexion,137,-4.578402365,-2.517123632,-5.077386369,-1.882674828
20,Flexion,136,-4.213688542,-3.448498721,-4.854588188,-3.448498721
21,Flexion,134,-4.575204207,-2.108734324,-4.922346985,-1.600941841
22,Flexion,133,-4.02000343,-2.994968263,-4.084500199,-2.384750323
23,Flexion,131,-4.375427421,-2.004343043,-4.985192307,-0.886468826
24,Flexion,130,-4.199801114,-2.767496773,-4.472964348,-2.084147756
25,Flexion,128,-4.175684782,-2.037289911,-4.603756644,-0.874525177
26,Flexion,127,-4.49360802,-2.798375153,-5.321597188,-2.104428225
27,Flexion,126,-3.96336,-4.513441597,-4.11732655,-3.861354127
28,Flexion,124,-4.282639173,-2.310469164,-4.956837764,-1.639063647
29,Flexion,123,-4.063847639,-3.545992081,-4.281311332,-2.988646628
30,Flexion,121,-4.924932529,-2.641045558,-5.491026921,-1.377227373
31,Flexion,120,-4.704472618,-2.911187435,-5.47050937,-2.197323681
32,Flexion,118,-4.552618168,-2.18816312,-5.026872866,-1.311598937
33,Flexion,117,-4.293058392,-2.970585721,-4.930451894,-2.245268122
34,Flexion,115,-4.347719703,-1.796737329,-4.701583753,-1.144649859
35,Flexion,114,-4.337689107,-2.7641277,-4.729236127,-2.029766172
36,Flexion,113,-4.661367879,-3.925215794,-5.328151369,-3.471374862
37,Flexion,111,-4.284502974,-2.343246307,-4.778353467,-1.593579683
38,Flexion,110,-4.791668196,-3.16820164,-5.557616088,-2.43049307
39,Flexion,108,-4.383011038,-2.239535694,-4.745215723,-1.351362545
40,Flexion,107,-4.35849506,-3.035063298,-4.797510947,-2.273128863
41,Flexion,105,-4.505118719,-1.904233653,-5.177825592,-1.621995976
42,Flexion,104,-4.422105644,-3.008487781,-4.543742438,-2.22989232
43,Flexion,103,-4.324464926,-4.790462625,-4.915960389,-4.138375155
44,Flexion,101,-4.34138353,-2.557331147,-4.80449787,-1.781300428
45,Flexion,100,-4.605301375,-3.880736412,-4.827515607,-3.34930727
46,Flexion,98,-4.488813716,-2.33696399,-4.898713474,-1.855659778
47,Flexion,97,-4.553690026,-3.11938771,-5.201738006,-2.283986188
48,Flexion,95,-4.478096456,-2.282534155,-4.740688959,-1.313951524
49,Flexion,94,-4.702050192,-2.946719597,-5.26427781,-2.134721231
50,Flexion,92,-4.365424928,-1.636861398,-4.790654819,-1.135243164
51,Flexion,91,-4.584398725,-2.90340507,-4.890398106,-2.092386178
52,Flexion,90,-4.409602465,-4.47509936,-4.787027357,-3.82301189
53,Flexion,88,-4.660858428,-2.468878658,-5.404663902,-1.622518798
54,Flexion,87,-4.349098701,-3.792857792,-4.892461983,-3.396767483
55,Flexion,85,-4.064371707,-2.19717998,-4.560600497,-1.529176397
56,Flexion,84,-4.526057501,-2.92178255,-4.550764785,-2.078786481
57,Flexion,82,-4.286653848,-1.665301189,-4.74348979,-1.16452884
58,Flexion,81,-4.055677164,-2.794653223,-4.404410651,-1.980938327
59,Flexion,79,-4.321946541,-1.326273262,-4.957642643,-0.674185792
60,Flexion,78,-4.205590279,-2.542674717,-4.891054883,-1.69095199
61,Flexion,77,-4.726472309,-3.686621473,-5.269612589,-3.278379361
62,Flexion,75,-4.510252394,-2.145575002,-4.938824579,-1.260839584
63,Flexion,74,-4.306728712,-3.152925406,-4.853955998,-2.534200936
64,Flexion,72,-4.530075285,-1.564052355,-5.080846625,-0.667301597
65,Flexion,71,-4.137703248,-2.59430186,-4.756861686,-1.836344015
66,Flexion,69,-4.577442487,-1.29840299,-4.900039144,-0.681110062
67,Flexion,68,-4.117216234,-2.302644155,-4.792527955,-1.506780482
68,Flexion,67,-4.180676219,-3.740221856,-4.786055252,-3.740221856
69,Flexion,66,-3.986999772,-0.561670011,-4.69840898,0.090417459
70,Flexion,65,-4.124694738,-1.743798822,-4.720090567,-0.91068692
71,Flexion,64,-4.012158598,-1.501892281,-4.618594352,-0.676901728
72,Flexion,63,-4.211068235,-2.501889154,-4.7805364,-1.985517962
73,Extension,63,-0.225466942,-2.134590426,0.029350735,-2.680062594
74,Extension,64,-0.327346147,-1.187813933,0.052487353,-1.888481283
75,Extension,66,-0.312953201,-2.518609001,0.05444716,-2.889050327
76,Extension,67,-0.289169913,-1.631605946,0.444164748,-2.331817139
77,Extension,69,-0.433299011,-3.064135773,0.096887976,-3.081547637
78,Extension,70,-0.099649098,-2.169012973,0.177585608,-2.897380072
79,Extension,73,0.034752601,-2.638999492,0.10914118,-3.359130379
80,Extension,74,-0.336782149,-1.73592504,0.544866015,-2.509628093
81,Extension,76,-0.307576422,-3.28464244,0.139413357,-4.035154854
82,Extension,77,-0.061127935,-2.710613919,0.422120044,-3.416725099
83,Extension,80,-0.835573532,-2.84072423,-0.041729507,-3.52369997
84,Extension,83,-0.597503125,-2.800888091,0.044673635,-3.457455921
85,Extension,86,-1.473565881,-3.16237148,-0.388712572,-3.804286498
86,Extension,87,-0.668021809,-2.524166893,0.00560608,-3.126827387
87,Extension,90,-0.77935466,-2.71569717,-0.111681866,-3.327005061
88,Extension,93,-0.504379374,-2.678649681,0.089438722,-3.277457941
89,Extension,96,-0.527476587,-2.720495413,-0.153633214,-3.367749812
90,Extension,97,-0.335910046,-2.281509607,-0.097759199,-2.852391779
91,Extension,99,-0.847922699,-3.250940491,-0.147879706,-3.749315043
92,Extension,100,-0.348663805,-2.450904748,-0.003232096,-2.988666772
93,Extension,103,-0.991788615,-2.539665835,-0.482742944,-3.161681216
94,Extension,106,-0.949784951,-2.490714728,0.148351246,-3.110209551
95,Extension,109,-0.434730438,-2.832497304,-0.051317396,-3.468636729
96,Extension,110,-0.344618978,-1.946273457,-0.111303745,-2.257597098
97,Extension,112,-0.445533358,-3.239028323,-0.080214424,-3.961046992
98,Extension,113,-0.411167037,-2.307856521,-0.00387471,-2.900151686
99,Extension,116,-0.603959921,-2.288772015,-0.278918674,-2.895875448
100,Extension,119,-0.492370594,-2.284160163,-0.79966306,-2.910013226
101,Extension,120,-0.337767209,-1.628893524,-0.785630768,-1.962606277
102,Extension,122,-0.558616389,-3.280171003,-1.15975618,-3.896863753
103,Extension,123,-0.298636844,-2.044359612,-0.725041052,-2.625621601
104,Extension,126,-0.271127103,-2.07818404,-0.714875582,-2.694165187
105,Extension,129,-0.508099186,-2.036027435,-1.256059082,-2.670614335
106,Extension,130,-0.277150624,-0.703176788,-0.792050035,-1.355264258
107,Extension,132,0.170032959,-2.781769717,-0.324133928,-3.396691773
108,Extension,133,-0.26670441,-1.678025246,-0.790354417,-2.299545426
109,Extension,136,0.166195956,-1.862893757,-0.219492637,-2.584135944
110,Extension,139,0.022930763,-1.793046566,-0.34537992,-2.536239396
111,Extension,142,-0.204717261,-2.45398572,-0.962966442,-3.173871611
112,Extension,143,-0.45762233,-1.251428627,-1.734552774,-1.930466969
113,Extension,145,0.315105981,-2.039504092,-0.224521976,-2.33783449
114,Extension,146,0.487620872,-1.614075579,0.240626368,-2.3656772
115,Extension,149,0.243023865,-1.558123148,-0.994412035,-2.275807139
116,Extension,152,0.634018504,-1.640753195,0.286285013,-2.34592563
117,Extension,153,0.766346624,-0.979476166,0.559065042,-1.711765712
118,Extension,155,0.806106227,-2.022208285,0.396005195,-2.578179478
119,Extension,156,0.434518738,-1.288602712,-0.238449764,-1.960073709
120,Extension,158,0.713489158,-0.553562128,0.051210414,-1.205649598
121,Extension,159,0.600218562,-1.346935475,0.235769022,-1.991514131
122,Extension,162,0.461276448,-1.202664157,0.287013673,-1.830057877
123,Extension,165,0.3502929,-1.214684668,0.010524496,-1.884444741
124,Extension,166,0.858694,-0.947009431,1.063960555,-1.594905329
125,Extension,168,0.888111626,-0.633964722,0.861929766,-1.286052192
126,Extension,169,0.557878741,-0.882959543,0.344307415,-1.478017319
127,Extension,171,0.294457247,-0.481242583,0.499723802,-0.688640089
